model,horizon,n,r2,rank_ic,hit
elastic_net,fwd_1d,3465,-0.03501210194295168,0.04200506973811289,0.5189033189033189
xgboost,fwd_1d,3465,-0.08440406286956748,0.03561969018308019,0.5125541125541125
elastic_net,fwd_5d,3465,-0.12531349494342625,0.012908439293262743,0.5165945165945166
xgboost,fwd_5d,3465,-0.3265357265897275,0.03259105055529827,0.537085137085137
elastic_net,fwd_20d,3465,-0.21620601227299052,-0.11186689921796866,0.5134199134199134
xgboost,fwd_20d,3465,-0.5632255133108037,-0.02051540197926917,0.5174603174603175
elastic_net,fwd_60d,3463,-0.2443563029598783,-0.04795430822396021,0.5596303782847242
xgboost,fwd_60d,3463,-0.7574423085733466,0.06629684959997535,0.5633843488304938
elastic_net,fwd_6m,3334,-0.37388509359510413,-0.10019490629490624,0.6064787042591482
xgboost,fwd_6m,3334,-0.6078767660602611,0.1640670594905071,0.5869826034793041
elastic_net,fwd_12m,3082,-0.8153985867768396,-0.018525043949722687,0.6713173264114212
xgboost,fwd_12m,3082,-1.256280413622763,0.11620540545959156,0.6975989617131733
elastic_net,fwd_24m,2578,-0.7625890236379969,0.6907108484704996,0.8324282389449186
xgboost,fwd_24m,2578,-0.8161429984914674,0.6745196276903568,0.8545384018619084
